time_s,track_id,lat_deg,lon_deg,alt_m,range_m,azimuth_deg,elevation_deg,radial_velocity_mps,snr_db,rcs_dbsm,x_ecef_m,y_ecef_m,z_ecef_m,vx_ecef_mps,vy_ecef_mps,vz_ecef_mps
0.0,1,38.907192,-77.036871,0.0,0.0,0.0,0.0,0.0,202.920031787519,-4.695282920245568,1112127.605681534,-4831336.404455195,4001374.9806369063,1081.5580507659624,-233.5080228465015,1400.257317888973
0.25,1,38.9089777745623,-77.03397716833702,311.03184225410223,445.9514243263565,51.58375412214218,44.221878161904144,1782.9507550272426,100.90962721846134,-4.249548804193543,1112397.9416986683,-4831394.549063986,4001724.852492258,1081.130086310451,-231.648847475651,1398.7175249226466
0.5,1,38.91076330369109,-77.0310834730696,621.4667980652303,891.4754857244699,51.58375412212615,44.193647723807864,1781.2419527841203,84.39126477784374,-6.951035188653837,1112668.1707246893,-4831452.228878933,4002074.339399368,1080.7021218549392,-229.78967210480062,1397.17773195632
0.75,1,38.91254858793074,-77.02818991336777,931.3048650957644,1336.5725091362415,51.583754122161054,44.16539021303427,1779.5344515583467,79.3278138460119,-4.872159596832715,1112938.292759596,-4831509.4439000385,4002423.4413582357,1080.2741573994276,-227.93049673395012,1395.6379389899935
1.0,1,38.914333627825414,-77.02529648840172,1240.5460410211235,1781.2428201294026,51.58375412213752,44.13710560421167,1777.8282538456308,73.26498707313743,-5.016801157504289,1113208.307803389,-4831566.1941273,4002772.1583688627,1079.846192943916,-226.07132136309974,1394.0981460236671
1.25,1,38.9161184239189,-77.02240319734177,1549.190323524177,2225.4867448936207,51.583754122143375,44.108793872247716,1776.1233621460656,72.65858339296327,-4.120602025137171,1113478.2158560678,-4831622.47956072,4003120.4904312477,1079.4182284884046,-224.21214599224925,1392.5583530573404
1.5,1,38.9179029767548,-77.01951003935842,1857.2377102971077,2669.3046102454205,51.58375412214144,44.0804549918946,1774.4197789641557,70.1985569521293,-4.933969302438784,1113748.016917633,-4831678.300200297,4003468.4375453913,1078.9902640328928,-222.35297062139887,1391.018560091014
1.75,1,38.91968728687634,-77.01661701362228,2164.688199043274,3112.6967436278796,51.58375412213934,44.05208893797474,1772.7175068088034,63.555942620648395,-4.532490657747954,1114017.7109880843,-4831733.65604603,4003815.9997112933,1078.5622995773813,-220.49379525054837,1389.4787671246875
2.0,1,38.92147135482653,-77.01372411930411,2471.541787474416,3555.663473111545,51.583754122136725,44.02369568533087,1771.0165481933172,61.04540878613082,-4.631249215917501,1114287.2980674217,-4831788.547097921,4004163.1769289537,1078.1343351218698,-218.63461987969788,1387.938974158361
2.25,1,38.923255181148086,-77.01083135557491,2777.798473311588,3998.2051273961706,51.58375412213411,43.9952752087724,1769.3169056354202,60.82554530699429,-4.121549698692728,1114556.7781556454,-4831842.973355969,4004509.9691983727,1077.706370666358,-216.7754445088475,1386.3991811920346
2.5,1,38.92503876638341,-77.0079387216057,3083.4582542879507,4440.3220358109165,51.58375412214201,43.966827483158234,1767.6185816572417,57.74156216693258,-5.18486236354526,1114826.151252755,-4831896.934820176,4004856.3765195496,1077.2784062108465,-214.916269137997,1384.8593882257078
2.75,1,38.92682211107468,-77.0050462165677,3388.5211281422526,4882.014528317076,51.58375412214065,43.93835248330164,1765.9215787853375,57.14697833610967,-3.7774586613259697,1115095.4173587507,-4831950.43149054,4005202.3988924855,1076.850441755335,-213.05709376714663,1383.3195952593815
3.0,1,38.92860521576377,-77.00215383963234,3692.987092622556,5323.282935506283,51.58375412214036,43.9098501840371,1764.2258995506818,55.2485509076568,-5.428327822163107,1115364.5764736326,-4832003.463367059,4005548.036317179,1076.4224772998234,-211.19791839629613,1381.779802293055
3.25,1,38.93038808099225,-76.99926158997113,3996.8561454946175,5764.127588606611,51.58375412214269,43.88132056025466,1762.5315464886628,55.30154471553766,-4.467690814446652,1115633.6285974006,-4832056.030449738,4005893.288793632,1075.9945128443119,-209.33874302544575,1380.2400093267283
3.5,1,38.93217070730147,-76.99636946675568,4300.128284521401,6204.548819476929,51.58375412213775,43.852763586763174,1760.8385221391118,54.15323376254158,-4.587267388404012,1115902.5737300548,-4832108.132738572,4006238.1563218427,1075.5665483888001,-207.47956765459526,1378.700216360402
3.75,1,38.93395309523243,-76.99347746915787,4602.80350748729,6644.54696061412,51.58375412213866,43.82417923845929,1759.1468290462758,51.288554960671995,-2.8583523991295388,1116171.411871595,-4832159.770233564,4006582.638901812,1075.1385839332886,-205.62039228374488,1377.1604233940755
4.0,1,38.93573524532593,-76.99058559634965,4904.881812176667,7084.122345150625,51.58375412213729,43.79556749019468,1757.4564697588446,49.3610124237823,-5.512242729071537,1116440.1430220215,-4832210.942934713,4006926.73653354,1074.710619477777,-203.76121691289438,1375.620630427749
4.25,1,38.93751715812241,-76.98769384750308,5206.363196390681,7523.275306856567,51.583754122141954,43.76692831685794,1755.767446829938,52.20166639787464,-4.384020577424504,1116708.7671813339,-4832261.650842021,4007270.4492170257,1074.2826550222653,-201.9020415420439,1374.0808374614226
4.5,1,38.93929883416215,-76.98480222179043,5507.247657932341,7962.006180141709,51.583754122138146,43.73826169330998,1754.079762817125,47.27878663210054,-5.113947457654875,1116977.2843495323,-4832311.893955485,4007613.7769522704,1073.8546905667538,-200.0428661711935,1372.5410444950958
4.75,1,38.941080273985044,-76.98191071838407,5807.535194623284,8400.315300055378,51.583754122139055,43.70956759445068,1752.3934202824091,49.32936208315357,-5.8244812156912396,1117245.6945266174,-4832361.672275106,4007956.7197392737,1073.4267261112423,-198.18369080034302,1371.0012515287694
5.0,1,38.94286147813075,-76.97901933645655,6107.225804287009,8838.20300228688,51.583754122140476,43.68084599517632,1750.7084217922422,48.231749635291905,-4.256745828796558,1117513.9977125882,-4832410.985800886,4008299.277578035,1072.9987616557307,-196.32451542949264,1369.4614585624429
5.25,1,38.94464244713869,-76.97612807518051,6406.3194847600535,9275.669623169188,51.583754122138885,43.652096870376596,1749.0247699175309,46.77051177707613,-5.665509707288694,1117782.1939074453,-4832459.834532821,4008641.4504685546,1072.570797200219,-194.46534005864214,1367.9216655961163
5.5,1,38.94642318154795,-76.97323693372878,6704.8162338892,9712.715499678046,51.58375412213957,43.62332019497836,1747.3424672336237,45.94375048261165,-4.883314190859272,1118050.2831111883,-4832508.218470914,4008983.238410833,1072.1428327447074,-192.60616468779176,1366.38187262979
5.75,1,38.94820368189738,-76.9703459112743,7002.716049528681,10149.34096943371,51.58375412214252,43.594515943891516,1745.6615163203319,45.18967737853788,-4.12857122205181,1118318.2653238177,-4832556.137615166,4009324.6414048695,1071.714868289196,-190.74698931694127,1364.8420796634632
6.0,1,38.949983948725574,-76.96745500699012,7300.018929542042,10585.546370701124,51.583754122138885,43.56568409203224,1743.9819197619277,44.1466269809656,-4.3210864369281055,1118586.1405453328,-4832603.591965573,4009665.6594506647,1071.2869038336844,-188.8878139460909,1363.3022866971369
6.25,1,38.95176398257081,-76.9645642200495,7596.724871804006,11021.332042393158,51.58375412213758,43.53682461434142,1742.3036801471364,44.57321298429211,-4.7108806013100155,1118853.9087757342,-4832650.581522138,4010006.2925482183,1070.8589393781726,-187.0286385752404,1361.7624937308103
6.5,1,38.953543783971135,-76.96167354962576,7892.833874197677,11456.698324069408,51.58375412214036,43.50793748575887,1740.6268000691525,41.99827846843103,-6.457155819855666,1119121.570015022,-4832697.1062848605,4010346.54069753,1070.430974922661,-185.16946320439,1360.2227007644838
6.75,1,38.9553233534643,-76.95878299489242,8188.345934616402,11891.645555938878,51.58375412213752,43.47902268123045,1738.9512821256387,40.71256606017895,-5.470372654292795,1119389.1242631956,-4832743.16625374,4010686.4038986005,1070.0030104671496,-183.31028783353952,1358.6829077981574
7.0,1,38.95710269158779,-76.95589255502307,8483.261050964706,12326.174078860424,51.58375412214161,43.45008017571923,1737.2771289187217,44.35675074852044,-5.275142251226684,1119656.5715202556,-4832788.761428778,4011025.882151429,1069.575046011638,-181.45111246268903,1357.1431148318309
7.25,1,38.958881798878856,-76.95300222919151,8777.579221148975,12760.284234343646,51.583754122136554,43.421109944176436,1735.6043430550124,42.702142774428694,-5.8658311156932434,1119923.9117862014,-4832833.891809971,4011364.9754560166,1069.1470815561263,-179.59193709183864,1355.6033218655043
7.5,1,38.96066067587442,-76.95011201657162,9071.300443096086,13193.976364550883,51.583754122139,43.392111961594445,1733.932927145582,39.515201869712435,-6.682869771615804,1120191.1450610335,-4832878.557397324,4011703.683812362,1068.7191171006148,-177.73276172098815,1354.063528899178
7.75,1,38.962439323111184,-76.94722191633743,9364.424714733846,13627.250812296976,51.583754122139965,43.363086202941126,1732.2628838059957,40.796114691918945,-4.837246934894995,1120458.2713447518,-4832922.758190832,4012042.0072204657,1068.2911526451032,-175.87358635013777,1352.5237359328512
8.0,1,38.96421774112557,-76.94433192766307,9656.952034003101,14060.107921052604,51.583754122139,43.334032643217036,1730.5942156562883,40.667148302115216,-4.288773420207145,1120725.290637356,-4832966.494190498,4012379.945680328,1067.8631881895917,-174.01441097928728,1350.9839429665249
8.25,1,38.96599593045372,-76.94144204972285,9948.88239885401,14492.54803494327,51.58375412214059,43.30495125742216,1728.9269253209839,37.62950647482849,-5.348725072248437,1120992.2029388468,-4833009.765396322,4012717.499191949,1067.43522373408,-172.1552356084369,1349.4441500001983
8.5,1,38.96777389163153,-76.93855228169117,10240.215807246044,14924.571498750429,51.58375412213934,43.275842020565086,1727.2610154290928,37.6613165143605,-4.142024118742846,1121259.0082492232,-4833052.571808303,4013054.6677553286,1067.0072592785684,-170.2960602375864,1347.9043570338717
8.75,1,38.96955162519462,-76.93566262274261,10530.952257147059,15356.178657914057,51.58375412214019,43.24670490766878,1725.596488614114,35.282099325048705,-6.275686323337922,1121525.7065684858,-4833094.913426441,4013391.451370466,1066.579294823057,-168.43688486673602,1346.3645640675454
9.0,1,38.971329131678324,-76.93277307205182,10821.091746535152,15787.369858533331,51.58375412213928,43.217539893757,1723.9333475140402,38.06193014735522,-5.919452286001611,1121792.2978966348,-4833136.790250735,4013727.850037362,1066.1513303675451,-166.57770949588553,1344.8247711012186
9.25,1,38.973106411617756,-76.92988362879359,11110.634273399599,16218.145447367593,51.58375412213837,43.188346953880355,1722.2715947713523,37.98092307077022,-4.857574263929434,1122058.7822336697,-4833178.202281188,4014063.863756017,1065.7233659120336,-164.71853412503503,1343.2849781348923
9.5,1,38.97488346554773,-76.92699429214288,11399.579835735261,16648.50577183642,51.58375412214019,43.1591260630849,1720.6112330330352,36.46206894153308,-5.427252646336534,1122325.159579591,-4833219.149517799,4014399.4925264297,1065.295401456522,-162.85935875418465,1341.7451851685657
9.75,1,38.976660294002826,-76.92410506127473,11687.928431548178,17078.45118002197,51.58375412213809,43.12987719642649,1718.9522649505725,35.08336761648586,-4.374409606032663,1122591.4299343978,-4833259.631960565,4014734.736348601,1064.8674370010106,-161.00018338333416,1340.2053922022392
10.0,1,38.97843689751732,-76.92121593536433,11975.680058856495,17507.982020670628,51.58375412214076,43.10060032898406,1717.2946931799452,33.94670443967428,-4.5432247624425885,1122857.5932980913,-4833299.64960949,4015069.5952225304,1064.4394725454988,-159.14100801248378,1338.6655992359129
10.25,1,38.98021327662528,-76.91832691358698,12262.834715683013,17937.098643192818,51.58375412213911,43.07129543583217,1715.638520381645,34.0864363518699,-5.363053846565072,1123123.6496706707,-4833339.202464571,4015404.0691482187,1064.0115080899873,-157.2818326416333,1337.1258062695863
10.5,1,38.98198943186046,-76.91543799511811,12549.392400065437,18365.80139766459,51.583754122138714,43.04196249207204,1713.983749220663,35.41354961459101,-6.195839645589039,1123389.599052136,-4833378.290525811,4015738.1581256655,1063.5835436344757,-155.4226572707829,1335.5860133032597
10.75,1,38.98376536375638,-76.91254917913328,12835.353110045195,18794.09063482909,51.583754122138885,43.01260147280142,1712.330382366508,34.06413556077236,-5.469402340202723,1123655.441442488,-4833416.913793207,4016071.8621548708,1063.1555791789642,-153.5634818999324,1334.0462203369334
11.0,1,38.985541072846296,-76.90966046480816,13120.716843676753,19221.966706096355,51.58375412213934,42.98321235313917,1710.6784224931928,34.541149524672846,-4.519253341094091,1123921.1768417256,-4833455.072266761,4016405.181235834,1062.7276147234525,-151.70430652908203,1332.5064273706066
11.25,1,38.9873165596632,-76.90677185131854,13405.483599023893,19649.429963547143,51.58375412214036,42.95379510820881,1709.0278722792511,33.06903079626761,-4.334614891027214,1124186.8052498498,-4833492.765946472,4016738.1153685558,1062.299650267941,-149.84513115823154,1330.9666344042803
11.5,1,38.98909182473985,-76.90388333784036,13689.653374155983,20076.480759931026,51.583754122139226,42.92434971314987,1707.3787344077277,32.73306010080448,-5.423298312044154,1124452.3266668597,-4833529.99483234,4017070.664553036,1061.8716858124294,-147.98595578738104,1329.4268414379537
11.75,1,38.99086686860869,-76.90099492354963,13973.226167159155,20503.1194486703,51.58375412213877,42.894876143117465,1705.731011566185,29.632977381159986,-6.68733443395803,1124717.7410927557,-4833566.758924366,4017402.828789275,1061.4437213569179,-146.12678041653066,1327.8870484716272
12.0,1,38.99264169180196,-76.89810660762252,14256.201976120472,20929.34638385799,51.58375412213809,42.86537437326615,1704.084706446714,30.175279717348314,-6.322699612354402,1124983.048527538,-4833603.058222548,4017734.6080772723,1061.0157569014061,-144.26760504568017,1326.3472555053008
12.25,1,38.9944162948516,-76.8952183892353,14538.58079914283,21355.16192026166,51.58375412213894,42.8358443787758,1702.439821745919,30.00892714102409,-4.600225773276564,1125248.2489712066,-4833638.892726888,4018066.0024170275,1060.5877924458946,-142.4084296748298,1324.807462538974
12.5,1,38.99619067828931,-76.89233026756438,14820.362634337507,21780.56641332435,51.583754122140306,42.8062861348362,1700.7963601649321,34.07568981205521,-5.37816255403939,1125513.3424237613,-4833674.262437386,4018397.0118085416,1060.159827990383,-140.5492543039793,1323.2676695726477
12.75,1,38.99796484264658,-76.88944224178624,15101.547479818575,22205.560219162857,51.58375412213911,42.7766996166379,1699.1543244094203,32.61656176224424,-5.356263971061426,1125778.3288852018,-4833709.16735404,4018727.6362518137,1059.7318635348715,-138.69007893312892,1321.7278766063212
13.0,1,38.999738788454565,-76.88655431107755,15382.135333720595,22630.143694573595,51.58375412213957,42.74708479940506,1697.5137171895644,30.401632420176767,-5.933617680009877,1126043.2083555285,-4833743.607476853,4019057.875746845,1059.3038990793598,-136.83090356227842,1320.1880836399946
13.25,1,39.0015125162442,-76.88366647461501,15662.126194177195,23054.317197028504,51.5837541221382,42.717441658352016,1695.8745412200942,29.811843280805505,-5.950022054910582,1126307.9808347414,-4833777.582805821,4019387.730293634,1058.8759346238483,-134.97172819142804,1318.6482906736683
13.5,1,39.003286026546164,-76.88077873157549,15941.52005933877,23478.08108468085,51.58375412213934,42.687770168728825,1694.2367992202544,26.718855226384697,-4.159691862542605,1126572.6463228404,-4833811.093340948,4019717.1998921814,1058.4479701683367,-133.11255282057755,1317.1084977073417
13.75,1,39.00505931989088,-76.87789108113596,16220.316927361302,23901.43571636326,51.58375412214042,42.658070305781195,1692.6004939138395,30.338511643782073,-4.565576356454143,1126837.2048198257,-4833844.1390822325,4020046.2845424875,1058.020005712825,-131.25337744972705,1315.5687047410152
14.0,1,39.00683239680855,-76.87500352247349,16498.516796410084,24324.381451589517,51.583754122138714,42.62834204477377,1690.965628029177,26.666212077618983,-5.594149955696794,1127101.6563256967,-4833876.720029673,4020374.984244552,1057.5920412573134,-129.39420207887667,1314.0289117746886
14.25,1,39.00860525782905,-76.8721160547653,16776.119664661586,24746.91865055744,51.58375412213945,42.598585360991926,1689.3322042991265,28.200169354312663,-4.9278704922861305,1127366.0008404544,-4833908.836183271,4020703.298998375,1057.164076801802,-127.53502670802618,1312.489118808362
14.5,1,39.01037790348207,-76.86922867718869,17053.125530300662,25169.047674146623,51.58375412213945,42.56880022972608,1687.7002254610977,29.009032955862533,-4.767323788645296,1127630.2383640977,-4833940.487543027,4021031.228803956,1056.7361123462904,-125.6758513371758,1310.9493258420357
14.75,1,39.01215033429701,-76.86634138892106,17329.534391521476,25590.76888392398,51.58375412213945,42.53898662628619,1686.0696942570357,28.197955360322368,-3.398221108679085,1127894.3688966273,-4833971.67410894,4021358.773661296,1056.3081478907786,-123.8166759663253,1309.4095328757091
15.0,1,39.01392255080302,-76.86345418913994,17605.346246527508,26012.082642140256,51.583754122139794,42.50914452599281,1684.4406134334356,28.751546265076577,-6.023497492621865,1128158.3924380431,-4834002.39588101,4021685.933570394,1055.880183435267,-121.95750059547493,1307.8697399093826
15.25,1,39.015694553529045,-76.86056707702298,17880.561093530618,26432.98931173493,51.583754122138146,42.479273904183714,1682.8129857413353,30.832523936329814,-4.7800033160282345,1128422.3089883449,-4834032.652859237,4022012.7085312507,1055.4522189797556,-120.09832522462443,1306.3299469430563
15.5,1,39.017466343003704,-76.8576800517479,18155.178930755705,26853.489256335124,51.58375412213957,42.449374736214025,1681.1868139363175,28.553713136887655,-4.164888754085421,1128686.1185475332,-4834062.4450436225,4022339.0985438656,1055.024254524244,-118.23914985377405,1304.7901539767295
15.75,1,39.019237919755426,-76.85479311249259,18429.199756432325,27273.582840257037,51.5837541221386,42.419446997446116,1679.5621007785226,25.192786150667608,-3.536697108780438,1128949.8211156072,-4834091.772434164,4022665.103608239,1054.5962900687323,-116.37997448292356,1303.2503610104031
16.0,1,39.02100928431237,-76.85190625843498,18702.62356880214,27693.270428508535,51.583754122138885,42.389490663267644,1677.9388490326317,25.451878251129425,-5.639751532749748,1129213.4166925673,-4834120.635030864,4022990.723724371,1054.1683256132208,-114.52079911207306,1301.7105680440766
16.25,1,39.02278043720243,-76.84901948875314,18975.45036611613,28112.55238678852,51.5837541221382,42.35950570907091,1676.3170614678884,24.290616595387796,-5.389809803155768,1129476.9052784138,-4834149.03283372,4023315.958892261,1053.7403611577092,-112.66162374122268,1300.17077507775
16.5,1,39.024551378953284,-76.84613280262525,19247.680146632716,28531.4290814889,51.583754122138316,42.32949211027521,1674.6967408580804,26.342613600492122,-4.364849053185596,1129740.2868731462,-4834176.965842734,4023640.80911191,1053.3123967021977,-110.80244837037219,1298.6309821114237
16.75,1,39.02632211009232,-76.84324619922957,19519.312908622436,28949.90087969507,51.58375412214065,42.29944984230761,1673.0778899815577,24.502958593423465,-6.470806294502658,1130003.561476765,-4834204.434057906,4023965.2743833163,1052.884432246686,-108.94327299952181,1297.091189145097
17.0,1,39.02809263114675,-76.84035967774447,19790.34865036141,29367.968149189102,51.58375412213968,42.26937888061109,1671.460511621229,27.96129711637503,-4.686486152549804,1130266.7290892696,-4834231.437479234,4024289.354706482,1052.4564677911744,-107.08409762867132,1295.5513961787706
17.25,1,39.02986294264344,-76.83747323734846,20060.787370139733,29785.63125844799,51.583754122139055,42.23927920065055,1669.8446085645542,31.867452583855652,-3.0032691083082135,1130529.7897106605,-4834257.97610672,4024613.0500814063,1052.028503335663,-105.22492225782094,1294.011603212444
17.5,1,39.031633045109096,-76.83458687722009,20330.62906625215,30202.890576646092,51.58375412213866,42.209150777902586,1668.230183603558,23.818983390772594,-4.585590566724004,1130792.7433409374,-4834284.049940363,4024936.3605080885,1051.6005388801514,-103.36574688697044,1292.4718102461175
17.75,1,39.03340293907013,-76.83170059653807,20599.87373700645,30619.746473657357,51.58375412213934,42.17899358786574,1666.6172395348208,26.095359305008504,-7.132046280731309,1131055.5899801005,-4834309.658980164,4025259.285986529,1051.1725744246396,-101.50657151612006,1290.9320172797911
18.0,1,39.035172625052724,-76.82881439448118,20868.521380717866,31036.19932005435,51.58375412214025,42.148807606048635,1665.0057791594927,24.494544186749387,-5.812941095310326,1131318.3296281497,-4834334.803226122,4025581.826516728,1050.744609969128,-99.64739614526957,1289.3922243134646
18.25,1,39.036942103582824,-76.82592827022832,21136.571995710023,31452.249487111683,51.583754122139226,42.11859280797916,1663.3958052832857,24.81234974955239,-5.612096799059808,1131580.962285085,-4834359.4826782355,4025903.9820986856,1050.3166455136165,-97.78822077441919,1287.852431347138
18.5,1,39.0387113751861,-76.82304222295843,21404.025580320507,31867.897346805315,51.58375412214002,42.08834916921013,1661.7873207164662,25.179960753211265,-3.934019769212356,1131843.4879509066,-4834383.697336509,4026225.7527324017,1049.8886810581048,-95.9290454035687,1286.3126383808117
18.75,1,39.04048044038803,-76.82015625185065,21670.88213288784,32283.143271813766,51.58375412213843,42.05807666529797,1660.1803282738842,22.569659954026825,-5.158634837038688,1132105.906625614,-4834407.447200937,4026547.1384178763,1049.4607166025933,-94.0698700327182,1284.772845414485
19.0,1,39.042249299713795,-76.8172703560841,21937.14165176917,32697.98763552116,51.583754122139,42.02777527183213,1658.5748307749386,23.44654317107693,-6.674682944704357,1132368.2183092078,-4834430.732271525,4026868.1391551094,1049.0327521470817,-92.21069466186782,1283.2330524481586
19.25,1,39.04401795368837,-76.8143845348381,22202.804135323502,33112.430812015074,51.58375412213974,41.99744496440632,1656.9708310436115,27.736217273012695,-5.053782550818321,1132630.4230016877,-4834453.552548269,4027188.7549441,1048.6047876915702,-90.35151929101733,1281.693259481832
19.5,1,39.04578640283646,-76.811498787292,22467.86958192475,33526.47317609238,51.583754122139055,41.96708571864239,1655.3683319084425,25.94996421650273,-4.869725478527114,1132892.5207030536,-4834475.90803117,4027508.98578485,1048.1768232360585,-88.49234392016695,1280.1534665155054
19.75,1,39.04755464768256,-76.8086131126253,22732.337989952415,33940.11510325537,51.58375412213968,41.936697510176344,1653.7673362025473,21.401580033787837,-5.4992955985391525,1133154.5114133058,-4834497.798720229,4027828.831677358,1047.748858780547,-86.63316854931645,1278.613673549179
20.0,1,39.04932268875091,-76.8057275100175,22996.209357795306,34353.35696971585,51.58375412213877,41.906280314660975,1652.1678467636143,22.11078058228081,-5.9651167622323715,1133416.3951324439,-4834519.224615444,4028148.2926216247,1047.3208943250354,-84.77399317846607,1277.0738805828523
20.25,1,39.05109052656549,-76.80284197864833,23259.48368385434,34766.19915239581,51.58375412213945,41.8758341077746,1650.569866433895,21.710938096612878,-2.8715302675648355,1133678.171860468,-4834540.185716818,4028467.368617649,1046.8929298695239,-82.91481780761558,1275.534087616526
20.5,1,39.052858161650065,-76.79995651769751,23522.160966537893,35178.64202892909,51.583754122140135,41.84535886520919,1648.9733980602211,21.342982813983056,-4.161510796263655,1133939.8415973787,-4834560.682024349,4028786.0596654327,1046.464965414012,-81.0556424367652,1273.9942946501994
20.75,1,39.05462559452818,-76.79707112634486,23784.24120426085,35590.685977660214,51.58375412213934,41.814854562674675,1647.3784444939986,23.716447583801088,-4.068426987125756,1134201.4043431752,-4834580.713538037,4029104.3657649746,1046.0370009585006,-79.1964670659147,1272.4545016838729
21.0,1,39.05639282572308,-76.79418580377035,24045.72439545393,36002.331377648254,51.583754122138885,41.78432117590599,1645.7850085912023,22.665249948521925,-5.15663789765809,1134462.860097858,-4834600.280257882,4029422.286916275,1045.609036502989,-77.33729169506421,1270.9147087175465
21.25,1,39.0581598557578,-76.79130054915397,24306.610538551584,36413.578608666096,51.583754122138544,41.753758680653625,1644.1930932123853,23.4416099194601,-5.65478769542939,1134724.2088614267,-4834619.382183883,4029739.8231193335,1045.1810720474775,-75.47811632421383,1269.37491575122
21.5,1,39.05992668515516,-76.78841536167586,24566.899632001296,36824.42805120331,51.58375412213917,41.72316705269241,1642.6027012226718,19.903348064381493,-5.45498348034078,1134985.4506338816,-4834638.019316044,4030056.9743741504,1044.7531075919658,-73.61894095336334,1267.8351227848934
21.75,1,39.06169331443773,-76.7855302405162,24826.591674255207,37234.88008646562,51.58375412213934,41.69254626781183,1641.01383549177,22.507177453342052,-6.277937574319619,1135246.5854152227,-4834656.191654361,4030373.740680726,1044.3251431364542,-71.75976558251296,1266.295329818567
22.0,1,39.06345974412784,-76.7826451848553,25085.686663777567,37644.935096376925,51.58375412213917,41.66189630182457,1639.4264988939592,22.29172111873398,-3.420908743589565,1135507.61320545,-4834673.899198835,4030690.1220390596,1043.8971786809427,-69.90059021166246,1264.7555368522403
22.25,1,39.06522597474756,-76.77976019387353,25344.1845990438,38054.59346358034,51.58375412213917,41.631217130565325,1637.8406943080963,22.35536880946908,-5.118638326109883,1135768.5340045632,-4834691.141949466,4031006.118449152,1043.4692142254312,-68.04141484081208,1263.215743885914
22.5,1,39.06699200681877,-76.77687526675136,25602.085478534922,38463.8555714386,51.583754122139055,41.60050872988706,1636.2564246176184,22.036652392718764,-3.693998258293175,1136029.3478125625,-4834707.919906255,4031321.7299110023,1043.0412497699194,-66.18223946996159,1261.6759509195874
22.75,1,39.06875784086309,-76.77399040266933,25859.389300743118,38872.72180403777,51.58375412213991,41.569771075667646,1634.673692710536,23.626779408874416,-5.410927230833737,1136290.0546294483,-4834724.233069202,4031636.9564246116,1042.613285314408,-64.3230640991112,1260.1361579532609
23.0,1,39.07052347740189,-76.77110560080808,26116.09606416989,39281.19254618408,51.58375412213974,41.53900414380158,1633.0925014794445,24.304125417801494,-4.571243561538386,1136550.6544552199,-4834740.081438306,4031951.7979899794,1042.1853208588964,-62.46388872826071,1258.5963649869345
23.25,1,39.07228891695635,-76.76822086034835,26372.205767324194,39689.26818340842,51.58375412213911,41.50820791020571,1631.5128538215165,18.604138289506622,-4.816765562778094,1136811.1472898775,-4834755.4650135655,4032266.254607105,1041.7573564033846,-60.60471335741022,1257.0565720206077
23.5,1,39.07405416004737,-76.76533618047094,26627.718408727087,40096.94910196783,51.58375412213911,41.4773823508241,1629.9347526384972,24.177402693906394,-6.368159199245665,1137071.5331334216,-4834770.383794984,4032580.32627599,1041.329391947873,-58.74553798655984,1255.5167790542814
23.75,1,39.07581920719563,-76.76245156035672,26882.63398690615,40504.23568884268,51.58375412213945,41.44652744161644,1628.35820083672,20.34094391388087,-3.276334279216703,1137331.8119858515,-4834784.837782559,4032894.012996632,1040.9014274923616,-56.886362615709345,1253.9769860879549
24.0,1,39.0775840589216,-76.75956699918666,27136.952500400133,40911.12833174351,51.58375412213985,41.41564315856861,1626.7832013270918,23.4492302830707,-5.3831873211359875,1137591.9838471678,-4834798.826976292,4033207.3147690333,1040.47346303685,-55.027187244858965,1252.4371931216283
24.25,1,39.07934871574551,-76.75668249614183,27390.673947754316,41317.62741910689,51.583754122139,41.38472947768539,1625.2097570251044,18.565130958711126,-6.107045682043488,1137852.04871737,-4834812.351376181,4033520.231593193,1040.0454985813383,-53.16801187400847,1250.897400155302
24.5,1,39.08111317818732,-76.75379805040338,27643.79832752794,41723.733340099956,51.58375412213917,41.353786375001484,1623.6378708508196,19.39546330919773,-4.356673205310956,1138112.0065964581,-4834825.410982229,4033832.763469111,1039.6175341258268,-51.30883650315809,1249.3576071889754
24.75,1,39.082877446766815,-76.75091366115245,27896.325638285838,42129.44648462024,51.583754122139055,41.32281382656462,1622.0675457288935,19.689684074529556,-5.005121866720072,1138371.8574844329,-4834838.005794433,4034144.910396788,1039.1895696703152,-49.4496611323076,1247.8178142226488
25.0,1,39.08464152200352,-76.7480293275704,28148.255878601223,42534.76724329625,51.583754122139396,41.29181180845352,1620.4987845885498,22.665201297743998,-4.6624254512010666,1138631.6013812935,-4834850.135812795,4034456.6723762224,1038.7616052148037,-47.59048576145722,1246.2780212563223
25.25,1,39.08640540441673,-76.7451450488386,28399.589047060348,42939.69600749044,51.58375412213934,41.260780296766576,1618.9315903635982,20.973518965997496,-4.9094150930982545,1138891.2382870403,-4834861.801037313,4034768.0494074156,1038.333640759292,-45.73131039060672,1244.7382282899957
25.5,1,39.088169094525526,-76.74226082413846,28650.325142255053,43344.2331692993,51.583754122139055,41.22971926762835,1617.365965992425,19.425310237240065,-7.0501721010310225,1139150.7682016732,-4834873.00146799,4035079.0414903676,1037.9056763037804,-43.87213501975623,1243.1984353236694
25.75,1,39.089932592848726,-76.73937665265152,28900.464162788354,43748.3791215532,51.58375412213911,41.19862869718599,1615.8019144179957,16.923895197716,-5.843230270292871,1139410.191125192,-4834883.737104824,4035389.6486250777,1037.4777118482689,-42.01295964890585,1241.6586423573428
26.0,1,39.091695899904956,-76.73649253355937,29150.00610727165,44152.13425782,51.583754122139965,41.16750856160948,1614.2394385878601,18.53368505211936,-5.8781523669287505,1139669.5070575974,-4834894.007947815,4035699.8708115458,1037.0497473927574,-40.15378427805547,1240.1188493910163
26.25,1,39.093459016212606,-76.73360846604372,29398.95097432658,44555.49897240522,51.583754122138885,41.136358837095415,1612.6785414541419,16.39116209852249,-4.084097457643987,1139928.7159988885,-4834903.813996962,4036009.7080497732,1036.6217829372458,-38.29460890720509,1238.57905642469
26.5,1,39.095221942289825,-76.7307244492863,29647.298762583174,44958.47366035194,51.58375412213934,41.10517949986601,1611.1192259735415,17.919198792582097,-4.969368507405583,1140187.817949066,-4834913.155252269,4036319.1603397587,1036.193818481734,-36.43543353635482,1237.0392634583636
26.75,1,39.09698467865455,-76.72784048246892,29895.049470678903,45361.05871744302,51.58375412213917,41.0739705261636,1609.5614951073464,20.738188356857535,-5.327673094361961,1140446.8129081293,-4834922.031713731,4036628.2276815022,1035.7658540262225,-34.57625816550444,1235.499470492037
27.0,1,39.0987472258245,-76.72495656477349,30142.20309726335,45763.25454020383,51.58375412213894,41.04273189226103,1608.005351821413,21.254120112690327,-4.461884562996074,1140705.700876079,-4834930.4433813505,4036936.9100750047,1035.337889570711,-32.71708279465406,1233.9596775257105
27.25,1,39.100509584317116,-76.722072695382,30388.759640995413,46165.06152589965,51.58375412213917,41.011463574454375,1606.4507990861782,17.035578028759247,-5.1545056792499,1140964.4818529147,-4834938.390255128,4037245.207520265,1034.9099251151995,-30.85790742380368,1232.4198845593842
27.5,1,39.102271754649685,-76.71918887347645,30634.719100540504,46566.48007254036,51.583754122139055,40.980165549064225,1604.8978398766578,18.762057136177646,-5.223858816880499,1141223.1558386364,-4834945.872335062,4037553.120017284,1034.481960659688,-28.9987320529533,1230.8800915930578
27.75,1,39.104033737339215,-76.71630509823898,30880.081474576145,46967.51057888033,51.58375412213894,40.94883779243929,1603.34647717244,15.959322181017281,-4.823426641546289,1141481.7228332446,-4834952.889621154,4037860.647566062,1034.0539962041762,-27.139556682103034,1229.3402986267313
28.0,1,39.10579553290252,-76.71342136885178,31124.846761785448,47368.15344441771,51.583754122138714,40.91748028095226,1601.7967139576938,18.43699846307926,-4.909510218372126,1141740.1828367386,-4834959.442113403,4038167.790166598,1033.6260317486647,-25.280381311252654,1227.800505660405
28.25,1,39.10755714185619,-76.71053768449708,31369.014960863627,47768.40906939882,51.58375412213991,40.886092991005235,1600.248553221155,21.58805813006263,-2.4825259624660796,1141998.535849119,-4834965.529811811,4038474.5478188917,1033.1980672931531,-23.421205940402274,1226.2607126940784
28.5,1,39.10931856471658,-76.70765404435721,31612.586070514284,48168.27785481734,51.58375412213928,40.8546758990223,1598.7019979561444,17.11478850094438,-5.85324335055882,1142256.7818703852,-4834971.152716374,4038780.9205229445,1032.7701028376416,-21.562030569551894,1224.720919727752
28.75,1,39.11107980199982,-76.70477044761455,31855.56008945033,48567.760202416,51.58375412213911,40.8232289814589,1597.1570511605476,16.364662948375532,-6.463442001837003,1142514.9209005376,-4834976.310827095,4039086.908278756,1032.34213838213,-19.702855198701513,1223.1811267614257
29.0,1,39.11284085422183,-76.70188689345156,32097.93701639399,48966.85651468725,51.58375412213911,40.791752214795984,1595.6137158368242,19.815618247185867,-4.68439499640966,1142772.9529395762,-4834981.004143974,4039392.5110863256,1031.9141739266186,-17.843679827851247,1221.6413337950992
29.25,1,39.11460172189829,-76.69900338105077,32339.71685007494,49365.56719487431,51.58375412213883,40.76024557553966,1594.0719949920115,15.954741868423586,-5.729083837743609,1143030.877987501,-4834985.232667008,4039697.7289456534,1031.4862094711068,-15.984504457000867,1220.1015408287726
29.5,1,39.116362405544685,-76.69611990959476,32580.899589234963,49763.89264697386,51.58375412213917,40.728709040229,1592.531891637707,16.79809437762907,-7.147289029738655,1143288.6960443119,-4834988.996396202,4040002.5618567397,1031.0582450155953,-14.125329086150487,1218.5617478624463
29.75,1,39.118122905676245,-76.69323647826617,32821.485232623294,50161.833275735364,51.58375412213968,40.69714258542677,1590.9934087900854,15.92618513045843,-6.062414411859563,1143546.4071100089,-4834992.295331553,4040307.0098195844,1030.6302805600837,-12.266153715300106,1217.02195489612
30.0,1,39.119883222808035,-76.69035308624774,33061.47377899662,50559.389486662716,51.583754122139226,40.665546187723045,1589.4565494698916,16.65940204648244,-5.876860778167588,1143804.0111845918,-4834995.129473059,4040611.0728341877,1030.2023161045722,-10.406978344449726,1215.4821619297934
30.25,1,39.121643357454836,-76.6874697327222,33300.865227125585,50956.56168601633,51.583754122139624,40.63391982374104,1587.9213167024293,13.777904864201242,-6.757728391356631,1144061.508268061,-4834997.498820725,4040914.7509005493,1029.7743516490607,-8.54780297359946,1213.9423689634668
30.5,1,39.12340331013125,-76.68458641687246,33539.65957578365,51353.35028081255,51.583754122139055,40.60226347012704,1586.387713517579,14.002403552247436,-2.870752887971702,1144318.8983604163,-4834999.403374546,4041218.0440186695,1029.3463871935492,-6.688627602749079,1212.4025759971405
30.75,1,39.125163081351644,-76.68170313788136,33777.856823760085,51749.75567882635,51.583754122139794,40.570577103561725,1584.8557429497757,20.117494907011373,-6.096785578454639,1144576.1814616579,-4835000.843134526,4041520.9521885477,1028.9184227380374,-4.829452231898699,1210.8627830308142
31.0,1,39.126922671630204,-76.67881989493189,34015.45696984697,52145.77828859202,51.58375412213911,40.53886070074971,1583.325408038028,13.968100590570385,-2.094932830759593,1144833.3575717853,-4835001.818100662,4041823.475410185,1028.4904582825259,-2.970276861048319,1209.3229900644878
31.25,1,39.128682081480825,-76.67593668720708,34252.46001285128,52541.418519403895,51.583754122139055,40.507114238430376,1581.796711825897,16.863039352205305,-5.3682489567880305,1145090.426690799,-4835002.328272956,4042125.6136835804,1028.0624938270144,-1.1111014901979388,1207.7831970981613
31.5,1,39.13044131141724,-76.67305351389,34488.86595158558,52936.67678131746,51.58375412213934,40.475337693367976,1580.269657361514,14.0760188827297,-3.2713023555944076,1145347.388818699,-4835002.373651408,4042427.367008734,1027.6345293715028,0.7480738806523277,1206.2434041318347
31.75,1,39.132200361952975,-76.67017037416379,34724.67478487082,53331.55348515121,51.58375412213917,40.44353104235912,1578.744247697565,17.475305778029778,-5.24527784594211,1145604.2439554848,-4835001.954236016,4042728.735385646,1027.2065649159913,2.607249251502708,1204.7036111655084
32.0,1,39.1339592336013,-76.66728726721165,34959.88651154004,53726.04904248768,51.58375412213934,40.41169426223112,1577.2204858912928,15.040291690318764,-4.565233925533382,1145860.992101157,-4835001.070026781,4043029.7188143167,1026.7786004604795,4.466424622353088,1203.163818199182
32.25,1,39.1357179268753,-76.66440419221685,35194.50113043375,54120.1638656734,51.58375412213883,40.37982732984035,1575.6983750044997,12.915844267677867,-5.133822964516041,1146117.633255715,-4834999.721023704,4043330.3172947457,1026.350636004968,6.325599993203468,1201.6240252328555
32.5,1,39.13747644228782,-76.66152114836268,35428.518640402704,54513.89836782216,51.58375412213934,40.347930222076165,1574.1779181035376,15.006935413358685,-5.238173743974666,1146374.1674191596,-4834997.907226785,4043630.530826933,1025.9226715494565,8.184775364053849,1200.084232266529
32.75,1,39.139234780351515,-76.65863813483253,35661.93904030509,54907.25296281348,51.58375412213917,40.316002915855854,1572.659118259319,14.304156911007443,-4.767830110373744,1146630.5945914898,-4834995.628636023,4043930.359410879,1025.494707093945,10.043950734904115,1198.5444393002026
33.0,1,39.14099294157881,-76.65575515080981,35894.76232900936,55300.22806529596,51.58375412213934,40.28404538812927,1571.141978547303,17.316354739838488,-4.528461477454861,1146886.9147727063,-4834992.885251418,4044229.803046583,1025.0667426384334,11.903126105754495,1197.0046463338763
33.25,1,39.14275092648193,-76.652872195478,36126.988505391404,55692.82409068783,51.58375412213968,40.25205761587916,1569.6265020474973,15.871543184774195,-4.844570672331534,1147143.127962809,-4834989.67707297,4044528.8617340457,1024.638778182922,13.762301476604875,1195.4648533675497
33.5,1,39.14450873557287,-76.64998926802062,36358.61756834015,56085.04145517785,51.58375412213894,40.22003957611732,1568.112691844461,15.046286977456342,-4.946844652422133,1147399.234161798,-4834986.0041006785,4044827.535473267,1024.2108137274101,15.621476847455256,1193.9250604012232
33.75,1,39.14626636936342,-76.64710636762126,36589.64951675013,56476.880575725794,51.58375412213957,40.187991245892796,1566.6005510272894,15.558160481881549,-5.7215580335428475,1147655.233369673,-4834981.866334546,4045125.8242642465,1023.7828492718986,17.480652218305636,1192.3852674348968
34.0,1,39.14802382836516,-76.64422349346357,36820.08434952516,56868.341870064694,51.58375412213934,40.155912602280125,1565.0900826896348,18.991513995373875,-5.09728659841349,1147911.1255864338,-4834977.26377457,4045423.7281069844,1023.3548848163871,19.339827589155902,1190.8454744685705
34.25,1,39.149781113089475,-76.64134064473122,37049.92206557933,57259.42575670188,51.583754122139226,40.12380362239166,1563.5812899296807,15.457813574906844,-3.4266450975247578,1148166.9108120808,-4834972.1964207515,4045721.247001481,1022.9269203608756,21.199002960006283,1189.3056815022442
34.5,1,39.1515382240475,-76.63845782060794,37279.16266383696,57650.132654919675,51.58375412213951,40.09166428337081,1562.0741758501524,12.343164617702403,-5.763057209694767,1148422.5890466142,-4834966.664273091,4046018.3809477356,1022.498955905364,23.058178330856663,1187.7658885359176
34.75,1,39.153295161750215,-76.63557502027753,37507.80614322703,58040.46298477608,51.583754122138885,40.05949456239268,1560.568743558317,14.976263725626728,-3.808857046911135,1148678.1602900336,-4834960.667331586,4046315.129945749,1022.0709914498524,24.917353701707043,1186.226095569591
35.0,1,39.15505192670831,-76.6326922429238,37735.85250269342,58430.41716710738,51.583754122139055,40.02729443666989,1559.0649961659674,10.845268546445281,-4.519856596608389,1148933.6245423392,-4834954.205596239,4046611.4939955208,1021.6430269943409,26.776529072557423,1184.6863026032647
35.25,1,39.15680851943235,-76.62980948773065,37963.301741183735,58819.995623526745,51.58375412213951,39.99506388344455,1557.5629367894371,15.127841162125472,-4.07256151844182,1149188.9818035308,-4834947.27906705,4046907.47309705,1021.2150625388292,28.63570444340769,1183.1465096369384
35.5,1,39.158564940432655,-76.62692675388202,38190.15385765955,59209.198776429745,51.583754122139,39.9628028799948,1556.0625685495863,13.161383016523473,-6.110430684414478,1149444.2320736086,-4834939.887744017,4047203.067250339,1020.7870980833177,30.49487981425807,1181.6067166706118
35.75,1,39.160321190219314,-76.62404404056186,38416.408851088025,59598.02704899016,51.583754122139396,39.93051140363422,1554.5638945717997,14.09565827818964,-4.73628279564348,1149699.3753525724,-4834932.031627143,4047498.2764553856,1020.3591336278062,32.35405518510845,1180.0669237042853
36.0,1,39.162077269302245,-76.62116134695421,38642.0667204475,59986.4808651652,51.58375412213877,39.89818943170716,1553.0669179859958,13.670888079998395,-5.292171185803555,1149954.4116404224,-4834923.7107164245,4047793.1007121913,1019.9311691722945,34.21323055595883,1178.527130737959
36.25,1,39.16383317819114,-76.61827867224312,38867.12746472377,60374.56064969416,51.58375412213928,39.86583694159744,1551.5716419266055,14.07096568913165,-5.2519773782068855,1150209.3409371588,-4834914.925011865,4048087.540020755,1019.503204716783,36.0724059268091,1176.9873377716326
36.5,1,39.16558891739549,-76.61539601561272,39091.59108291194,60762.26682810038,51.58375412213945,39.833453910720245,1550.0780695325866,8.521324417965253,-3.528508027006843,1150464.1632427808,-4834905.674513462,4048381.5943810767,1019.0752402612713,37.93158129765948,1175.447544805306
36.75,1,39.167344487424586,-76.61251337624714,39315.457574016415,61149.59982669419,51.58375412213928,39.80104031652755,1548.5862039474132,13.897280071337391,-5.236850264509684,1150718.8785572893,-4834895.959221216,4048675.2637931574,1018.6472758057598,39.79075666850986,1173.9077518389795
37.0,1,39.16909988878748,-76.60963075333059,39538.726937053725,61536.56007257076,51.583754122139226,39.76859613650789,1547.09604831907,12.69084222573959,-4.7040060103129,1150973.4868806838,-4834885.779135128,4048968.5482569966,1018.2193113502483,41.64993203936024,1172.3679588726532
37.25,1,39.17085512199307,-76.60674814604731,39761.39917104319,61923.14799361271,51.583754122139055,39.736121348184085,1545.607605800058,13.981869907008837,-6.756721782478582,1151227.9882129643,-4834875.134255196,4049261.4477725937,1017.7913468947368,43.50910741021062,1170.8281659063268
37.5,1,39.17261018755001,-76.60386555358158,39983.47427501902,62309.364018492604,51.58375412213928,39.703615929116786,1544.1208795473822,10.150144449987742,-3.272649785835815,1151482.382554131,-4834864.024581422,4049553.9623399493,1017.3633824392251,45.368282781060884,1169.2883729400005
37.75,1,39.174365085966784,-76.60098297511772,40204.95224802103,62695.20857667178,51.583754122139055,39.67107985690174,1542.6358727225575,12.453575491960883,-4.136171986301812,1151736.6699041838,-4834852.450113805,4049846.0919590634,1016.9354179837136,47.227458151911264,1167.748579973674
38.0,1,39.17611981775162,-76.59810040984009,40425.8330891002,63080.682098403755,51.58375412213945,39.63851310917364,1541.152588491596,10.898347748328103,-5.061324345828847,1151990.8502631232,-4834840.410852347,4050137.8366299365,1016.507453528202,49.086633522761645,1166.2087870073474
38.25,1,39.17787438341259,-76.59521785693308,40646.11679731496,63465.78501473182,51.58375412213945,39.60591566360128,1539.6710300250163,15.498502939290187,-5.3344561723558765,1152244.9236309482,-4834827.906797045,4050429.1963525675,1016.0794890726904,50.945808893612025,1164.668994041021
38.5,1,39.17962878345755,-76.59233531558111,40865.803371733055,63850.51775749443,51.58375412213894,39.57328749789152,1538.1912004978328,16.258046280241985,-4.417344758012293,1152498.8900076593,-4834814.937947899,4050720.171126957,1015.6515246171789,52.804984264462405,1163.1292010746947
38.75,1,39.18138301839416,-76.5894527849687,41084.89281143248,64234.880759323605,51.58375412213928,39.54062858979198,1536.7131030895432,13.567336467138118,-3.8225881110223066,1152752.7493932566,-4834801.504304912,4051010.7609531046,1015.2235601616674,54.66415963531267,1161.5894081083682
39.0,1,39.183137088729836,-76.58657026428033,41303.38511550054,64618.874453647564,51.583754122139,39.50793891708453,1535.2367409841465,13.463610753205792,-3.2560654738322077,1153006.50178774,-4834787.605868082,4051300.965831011,1014.7955957061557,56.52333500616305,1160.0496151420416
39.25,1,39.184890994971845,-76.58368775270054,41521.280283031054,65002.499274689995,51.58375412213945,39.47521845759128,1533.762117370122,11.889655888545754,-4.172011823202941,1153260.1471911098,-4834773.242637409,4051590.7857606756,1014.3676312506442,58.38251037701343,1158.5098221757153
39.5,1,39.18664473762724,-76.58080524941393,41738.57831312809,65385.75565747318,51.58375412213945,39.44246718917256,1532.2892354404325,10.985826465167328,-4.933454184140795,1153513.6856033655,-4834758.414612894,4051880.220742099,1013.9396667951326,60.24168574786381,1156.970029209389
39.75,1,39.188398317202875,-76.57792275360511,41955.279204905964,65768.64403781698,51.583754122139055,39.409685089725556,1530.8180983925258,9.922637232335578,-4.010416065405147,1153767.1170245071,-4834743.121794535,4052169.2707752804,1013.511702339621,62.10086111871419,1155.4302362430624
40.0,1,39.19015173420537,-76.57504026445872,42171.3829574883,66151.16485234293,51.58375412213951,39.37687213719045,1529.3487094283155,11.797198042618414,-4.217649657582339,1154020.4414545354,-4834727.364182334,4052457.9358602203,1013.0837378841095,63.96003648956446,1153.890443276736
40.25,1,39.19190498914121,-76.57215778115946,42386.889570003375,66533.31853847193,51.583754122139,39.34402830954263,1527.881071754198,13.5801705511172,-3.8287529065326806,1154273.6588934492,-4834711.14177629,4052746.2159969187,1012.6557734285979,65.81921186041484,1152.3506503104095
40.5,1,39.1936580825166,-76.56927530289202,42601.79904159624,66915.1055344285,51.583754122139396,39.3111535848012,1526.4151885810284,13.440582692651653,-3.1793538423531986,1154526.7693412497,-4834694.454576404,4053034.1111853756,1012.2278089730863,67.67838723126522,1150.8108573440832
40.75,1,39.19541101483762,-76.56639282884117,42816.111371413805,67296.526279239,51.58375412213917,39.27824794102199,1524.9510631241344,11.746387760842456,-6.57204025565324,1154779.7727979359,-4834677.302582675,4053321.621425591,1011.7998445175748,69.5375626021156,1149.2710643777568
41.0,1,39.19716378661012,-76.56351035819168,43029.82655861415,67677.58121273485,51.583754122139055,39.24531135630221,1523.4886986033014,10.74564716789028,-6.1720071925948155,1155032.6692635082,-4834659.685795102,4053608.7467175643,1011.3718800620632,71.39673797296598,1147.7312714114303
41.25,1,39.19891639833973,-76.56062789012834,43242.94460236747,68058.27077555408,51.58375412213945,39.212343808781334,1522.0280982427682,12.959831207939393,-3.4887715667232784,1155285.458737967,-4834641.6042136885,4053895.4870612966,1010.9439156065516,73.25591334381625,1146.1914784451037
41.5,1,39.200668850531954,-76.55774542383601,43455.46550184768,68438.59540913881,51.58375412213928,39.179345276636106,1520.569265271236,9.560521756214088,-5.6989304285787465,1155538.1412213116,-4834623.057838431,4054181.842456787,1010.5159511510401,75.11508871466663,1144.6516854787774
41.75,1,39.20242114369202,-76.55486295849953,43667.389256243594,68818.55555574161,51.58375412213911,39.146315738088006,1519.1122029218445,9.05865758521717,-4.9672179071237395,1155790.7167135426,-4834604.04666933,4054467.812904036,1010.0879866955285,76.974264085517,1143.111892512451
42.0,1,39.20417327832501,-76.5519804933038,43878.71586474776,69198.15165842159,51.58375412213917,39.11325517139854,1517.6569144321827,12.02023917365808,-5.6711402773965816,1156043.1852146594,-4834584.570706388,4054753.3984030434,1009.6600222400169,78.83343945636739,1141.5720995461245
42.25,1,39.205925254935785,-76.54909802743374,44089.44532656483,69577.3841610491,51.58375412213951,39.08016355487016,1516.2034030442817,12.518799067024345,-3.844687963893304,1156295.5467246627,-4834564.629949602,4055038.5989538087,1009.2320577845053,80.69261482721777,1140.032306579798
42.5,1,39.20767707402903,-76.54621556007429,44299.57764090784,69956.253508306,51.583754122139,39.04704086684939,1514.7516720046035,11.81567174268313,-7.2912895085980995,1156547.8012435515,-4834544.224398974,4055323.4145563333,1008.8040933289938,82.55179019806803,1138.4925136134716
42.75,1,39.20942873610923,-76.54333309041041,44509.11280699819,70334.76014568492,51.58375412213877,39.01388708572291,1513.3017245640488,11.940980139787715,-4.927966426767422,1156799.9487713268,-4834523.354054503,4055607.845210616,1008.3761288734822,84.41096556891841,1136.9527206471453
43.0,1,39.21118024168066,-76.54045061762713,44718.05082406849,70712.9045194925,51.58375412213917,38.98070218992191,1511.8535639779393,6.89357639935114,-3.383790318348793,1157051.9893079884,-4834502.01891619,4055891.8909166567,1007.9481644179707,86.2701409397688,1135.412927680819
43.25,1,39.21293159124741,-76.53756814090943,44926.3916913569,71090.68707684978,51.58375412213951,38.94748615792003,1510.4071935060226,12.109304180976814,-5.591103425191106,1157303.922853536,-4834480.218984034,4056175.551674456,1007.5201999624591,88.12931631061917,1133.8731347144924
43.5,1,39.214682785313414,-76.53468565944235,45134.13540811278,71468.10826569372,51.58375412213934,38.91423896823337,1508.9626164124645,13.78740663052608,-6.581594399453943,1157555.7494079696,-4834457.954258035,4056458.827484014,1007.0922355069475,89.98849168146955,1132.3333417481658
43.75,1,39.21643382438235,-76.53180317241096,45341.28197359387,71845.16853477668,51.58375412213928,38.88096059942218,1507.5198359658455,12.43726525616847,-4.631643387299341,1157807.4689712895,-4834435.224738193,4056741.71834533,1006.6642710514359,91.84766705231982,1130.7935487818395
44.0,1,39.21818470895776,-76.52892067900036,45547.831387069076,72221.86833367002,51.583754122138885,38.84765103009164,1506.07885543915,12.280778613637207,-5.570943661521794,1158059.0815434952,-4834412.030424508,4057024.224258405,1006.2363065959244,93.7068424231702,1129.2537558155132
44.25,1,39.219935439542944,-76.52603817839564,45753.78364781197,72598.20811276304,51.583754122139226,38.81431023888997,1504.6396781097708,11.02871998160562,-3.9315284440109615,1158310.5871245875,-4834388.3713169815,4057306.345223238,1005.8083421404128,95.56601779402058,1127.7139628491866
44.5,1,39.22168601664105,-76.52315566978193,45959.13875510823,72974.18832326456,51.58375412213934,38.780938204509745,1503.2023072594995,11.013915553778482,-4.765599107301304,1158561.9857145655,-4834364.2474156115,4057588.0812398293,1005.3803776849012,97.42519316487096,1126.17416988286
44.75,1,39.223436440755044,-76.52027315234436,46163.89670825284,73349.80941720621,51.58375412213911,38.74753490568886,1501.766746174522,10.088983048905225,-5.863345264739381,1158813.2773134299,-4834339.658720398,4057869.4323081793,1004.9524132293897,99.28436853572134,1124.6343769165337
45.0,1,39.22518671238764,-76.5173906252681,46368.0575065501,73725.07184743996,51.58375412213917,38.714100321211745,1500.3329981454076,11.062179550390926,-5.152522532452359,1159064.4619211801,-4834314.605231344,4058150.398428288,1004.5244487738781,101.14354390657161,1123.0945839502074
45.25,1,39.22693683204144,-76.51450808773834,46571.62114930805,74099.97606764159,51.583754122138714,38.68063442990482,1498.9010664671202,8.090205127500484,-4.000175753089706,1159315.5395378165,-4834289.086948445,4058430.979600155,1004.0964843183665,103.00271927742199,1121.5547909838808
45.5,1,39.22868680021879,-76.51162553894027,46774.587635851465,74474.52253231067,51.58375412213945,38.64713721064424,1497.470954438991,13.08260199264301,-5.125009030319577,1159566.5101633393,-4834263.103871705,4058711.1758237793,1003.668519862855,104.86189464827237,1120.0149980175543
45.75,1,39.23043661742191,-76.5087429780591,46976.95696550794,74848.71169677365,51.58375412213894,38.61360864234872,1496.042665364735,8.388126780419395,-5.743588228812564,1159817.373797748,-4834236.656001121,4058990.9870991632,1003.2405554073434,106.72107001912275,1118.475205051228
46.0,1,39.232186284152775,-76.50586040428006,47178.729137619026,75222.54401718175,51.58375412213928,38.5800487039868,1494.6162025524256,11.63484969614308,-4.797693808168806,1160068.130441043,-4834209.743336695,4059270.413426305,1002.8125909518318,108.58024538997302,1116.9354120849016
46.25,1,39.23393580091321,-76.50297781678839,47379.904151530936,75596.01995051475,51.583754122139,38.546457374570856,1493.191569314507,12.517963942323357,-4.988573944439341,1160318.780093224,-4834182.3658784265,4059549.454805206,1002.3846264963203,110.4394207608234,1115.3956191185753
46.5,1,39.23568516820484,-76.50009521476936,47580.48200660106,75969.1399545802,51.58375412213877,38.51283463316129,1491.7687689677773,11.458151742131179,-4.1432060174334735,1160569.3227542911,-4834154.5236263145,4059828.111235865,1001.9566620408086,112.29859613167378,1113.8558261522487
46.75,1,39.23743438652909,-76.49721259740824,47780.46270219516,76341.90448801617,51.58375412213945,38.47918045886726,1490.347804833383,14.344786600051965,-4.445883498675907,1160819.7584242446,-4834126.216580361,4060106.382718282,1001.5286975852971,114.15777150252416,1112.3160331859222
47.0,1,39.239183456387245,-76.4943299638903,47979.84623768926,76714.3140102915,51.583754122139055,38.44549483084269,1488.9286802368244,5.597899180888667,-5.205161688866045,1161070.0871030837,-4834097.444740564,4060384.2692524577,1001.1007331297856,116.01694687337454,1110.7762402195958
47.25,1,39.240932378280334,-76.49144731340083,48178.63261246588,77086.36898170676,51.58375412213934,38.41177772829214,1487.5113985079345,8.605497559184855,-3.3957456384828593,1161320.3087908095,-4834068.208106924,4060661.7708383915,1000.672768674274,117.8761222442248,1109.2364472532695
47.5,1,39.24268115270927,-76.48856464512515,48376.821825920604,77458.06986339565,51.58375412213917,38.37802913046784,1486.095962980882,12.056434536489181,-4.892119555656967,1161570.423487421,-4834038.506679442,4060938.8874760843,1000.2448042187624,119.73529761507518,1107.696654286943
47.75,1,39.24442978017475,-76.48568195824856,48574.413877452724,77829.41711732604,51.58375412213911,38.34424901666943,1484.6823769941689,6.850954454660119,-6.602259541058926,1161820.431192919,-4834008.3404581165,4061215.6191655356,999.8168397632509,121.59447298592556,1106.1568613206164
48.0,1,39.246178261177256,-76.48279925195642,48771.408766474575,78200.41120629953,51.583754122139396,38.31043736624711,1483.2706438906137,7.6833659501602085,-6.601277937118853,1162070.3319073026,-4833977.709442949,4061491.9659067444,999.3888753077392,123.45364835677594,1104.61706835429
48.25,1,39.247926596217155,-76.47991652543402,48967.80649240408,78571.05259395648,51.58375412213894,38.276594158598485,1481.8607670173574,10.237872833504232,-4.560363393983007,1162320.1256305724,-4833946.613633937,4061767.927699712,998.9609108522277,125.31282372762632,1103.0772753879637
48.5,1,39.24967478579457,-76.47703377786674,49163.60705467407,78941.34174477342,51.58375412213945,38.24271937317436,1480.45274972584,6.282288083861706,-4.723725820671446,1162569.8123627289,-4833915.053031085,4062043.5045444383,998.5329463967162,127.17199909847659,1101.5374824216372
48.75,1,39.25142283040948,-76.47415100843989,49358.81045272015,79311.27912406441,51.583754122139226,38.2088129894707,1479.0465953718206,9.135309003165123,-7.3101034366326445,1162819.392103771,-4833883.027634389,4062318.696440923,998.1049819412046,129.03117446932697,1099.9976894553108
49.0,1,39.25317073056165,-76.47126821633886,49553.41668598913,79680.8651979839,51.58375412213951,38.17487498703715,1477.642307315345,9.864609897957052,-5.471776033638336,1163068.8648536995,-4833850.53744385,4062593.5033891657,997.677017485693,130.89034984017735,1098.4578964889843
49.25,1,39.25491848675071,-76.46838540074899,49747.4257539371,80050.10043352716,51.58375412213951,38.14090534547313,1476.239888920753,9.142007618677,-4.29804637377873,1163318.2306125138,-4833817.582459469,4062867.9253891674,997.2490530301815,132.74952521102773,1096.918103522658
49.5,1,39.256666099476064,-76.46550256085564,49940.83765602857,80418.98529853036,51.583754122139055,38.10690404442735,1474.839343556674,9.24407918782015,-4.239866914624146,1163567.4893802144,-4833784.162681244,4063141.9624409275,996.8210885746698,134.6087005818781,1095.3783105563314
49.75,1,39.25841356923692,-76.46261969584421,50133.65239173919,80787.52026167254,51.583754122139396,38.072871063602925,1473.4406745960064,7.296882360153346,-4.4699352943985335,1163816.6411568013,-4833750.278109178,4063415.6145444456,996.3931241191583,136.46787595272838,1093.838517590005
50.0,1,39.26016089653238,-76.45973680490006,50325.86996054929,81155.70579247699,51.58375412213911,38.03880638275175,1472.043885415928,9.020789830853088,-5.179611413831458,1164065.685942274,-4833715.928743268,4063688.8816997227,995.9651596636468,138.32705132357876,1092.2987246236785
50.25,1,39.26190808186132,-76.45685388720855,50517.49036195036,81523.54236131048,51.583754122139226,38.0047099816784,1470.6489793978803,7.761195960588737,-4.179471524582581,1164314.623736633,-4833681.114583516,4063961.7639067573,995.5371952081351,140.18622669442914,1090.7589316573522
50.5,1,39.26365512572242,-76.45397094195508,50708.51359544508,81891.0304393878,51.58375412213945,37.970581840241366,1469.2559599275555,7.938868980187328,-4.478832744267887,1164563.454539878,-4833645.835629921,4064234.261165551,995.1092307526236,142.04540206527952,1089.2191386910258
50.75,1,39.26540202861422,-76.451087968325,50898.939660542645,82258.17049876912,51.583754122139226,37.93642193834837,1467.864830394909,10.051876237989791,-5.11754216732813,1164812.1783520093,-4833610.091882483,4064506.373476103,994.681266297112,143.9045774361299,1087.6793457246993
51.0,1,39.26714879103503,-76.44820496550373,51088.768556761555,82624.96301236308,51.58375412213934,37.90223025596379,1466.4755941941287,5.722604220698178,-6.993060371054156,1165060.7951730266,-4833573.883341203,4064778.1008384135,994.2533018416004,145.76375280698016,1086.1395527583727
51.25,1,39.26889541348304,-76.44532193267662,51278.00028362963,82991.40845392695,51.58375412213957,37.868006773102096,1465.088254723649,3.5714423564315894,-6.482185397442821,1165309.30500293,-4833537.210006081,4065049.443252482,993.8253373860889,147.62292817783054,1084.5997597920464
51.5,1,39.27064189645623,-76.44243886902905,51466.63484068122,83357.5072980693,51.58375412213911,37.8337514698322,1463.7028153861315,9.661079034788271,-5.678264440155177,1165557.7078417197,-4833500.071877114,4065320.4007183095,993.3973729305774,149.48210354868093,1083.05996682572
51.75,1,39.272388240452415,-76.4395557737464,51654.672227464616,83723.2600202483,51.58375412213945,37.79946432627969,1462.3192795884506,8.481734940887147,-5.284884066382575,1165806.0036893953,-4833462.468954306,4065590.973235895,992.9694084750657,151.3412789195313,1081.5201738593935
52.0,1,39.27413444596923,-76.43667264601403,51842.112443532795,84088.6670967763,51.583754122139055,37.76514532261907,1460.9376507417153,10.66587352607134,-3.9107825032892074,1166054.1925459574,-4833424.401237654,4065861.1608052393,992.5414440195542,153.20045429038169,1079.9803808930671
52.25,1,39.27588051350412,-76.43378948501734,52028.955488450825,84453.72900481668,51.58375412213928,37.73079443908548,1459.5579322612202,10.64241856520909,-5.06913793472614,1166302.2744114052,-4833385.868727161,4066130.963426342,992.1134795640426,155.05962966123195,1078.4405879267406
52.5,1,39.27762644355438,-76.43090628994169,52215.20136178844,84818.4462223885,51.58375412213934,37.6964116559635,1458.1801275664818,6.185591055750893,-4.907873341565891,1166550.2492857391,-4833346.8714228235,4066400.381099202,991.685515108531,156.91880503208233,1076.9007949604143
52.75,1,39.27937223661712,-76.42802305997242,52400.8500631284,85182.81922836704,51.58375412213934,37.6619969535967,1456.8042400811937,4.824846595813122,-5.594400352198735,1166798.1171689595,-4833307.409324644,4066669.4138238216,991.2575506530195,158.7779804029327,1075.361001994088
53.0,1,39.28111789318926,-76.4251397942949,52585.901592061855,85546.84850248237,51.58375412213934,37.627550312383015,1455.4302732332408,6.995806023502552,-5.8881338537336525,1167045.8780610657,-4833267.482432622,4066938.0616001994,990.829586197508,160.6371557737831,1073.8212090277614
53.25,1,39.28286341376757,-76.42225649209448,52770.35594818555,85910.53452532303,51.58375412213934,37.59307171277565,1454.0582304546867,11.079682815390731,-4.196414980621398,1167293.5319620583,-4833227.090746758,4067206.3244283358,990.4016217419963,162.49633114463347,1072.2814160614348
53.5,1,39.28460879884862,-76.41937315255649,52954.213131110184,86273.87777833556,51.58375412213928,37.55856113528544,1452.6881151817604,8.350482182787266,-6.38218151537704,1167541.0788719368,-4833186.23426705,4067474.2023082306,989.9736572864848,164.35550651548374,1070.7416230951085
53.75,1,39.286354048928864,-76.41648977486625,53137.47314044926,86636.8787438262,51.58375412213917,37.524018560477884,1451.3199308548594,8.441282271917565,-6.040543939157534,1167788.5187907016,-4833144.912993499,4067741.6952398834,989.5456928309732,166.21468188633412,1069.2018301287821
54.0,1,39.28809916450448,-76.41360635820912,53320.13597583305,86999.5379049619,51.58375412213911,37.489443968978726,1449.9536809185233,3.7575105129202555,-5.131086650687727,1168035.8517183522,-4833103.126926106,4068008.8032232947,989.1177283754616,168.0738572571845,1067.6620371624556
54.25,1,39.28984414607156,-76.4107229017704,53502.20163689554,87361.85574577174,51.58375412213934,37.45483734146836,1448.589368821446,6.137124543660954,-4.071703008431515,1168283.077654889,-4833060.876064871,4068275.5262584644,988.6897639199501,169.93303262803488,1066.1222441961293
54.5,1,39.29158899412604,-76.4078394047354,53683.67012327723,87723.8327511474,51.583754122139055,37.420198658684534,1447.2269980164597,5.135791248395716,-5.533900238373555,1168530.1966003124,-4833018.160409792,4068541.864345393,988.2617994644385,171.79220799888526,1064.5824512298027
54.75,1,39.29333370916358,-76.40495586628941,53864.54143463541,88085.46940684279,51.583754122139055,37.3855279014258,1445.8665719605167,8.059609960069567,-5.654283276687556,1168777.2085546213,-4832974.979960872,4068807.81748408,987.8338350089269,173.65138336973553,1063.0426582634764
55.0,1,39.29507829167979,-76.4020722856177,54044.81557062734,88446.76619947828,51.58375412213917,37.35082505054551,1444.5080941147016,7.790045652054068,-5.189244340936406,1169024.1135178169,-4832931.334718107,4069073.3856745246,987.4058705534153,175.5105587405859,1061.5028652971498
55.25,1,39.29682274217,-76.39918866190558,54224.492530928925,88807.7236165393,51.58375412213934,37.31609008695952,1443.1515679441973,9.703293788841941,-4.638078146071156,1169270.911489898,-4832887.224681501,4069338.568916728,986.9779060979038,177.3697341114363,1059.9630723308235
55.5,1,39.298567061129475,-76.39630499433825,54403.57231521513,89168.34214637897,51.58375412213928,37.281322991639676,1441.7969969183018,4.037856680727134,-5.342786150864379,1169517.6024708657,-4832842.649851052,4069603.36721069,986.5499416423922,179.22890948228667,1058.423279364497
55.75,1,39.30031124905323,-76.393421282101,54582.054923176765,89528.62227821707,51.583754122139055,37.246523745618404,1440.4443845104033,6.258547601710278,-3.9327775834280168,1169764.1864607194,-4832797.61022676,4069867.7805564106,986.1219771868807,181.08808485313705,1056.8834863981706
56.0,1,39.30205530643614,-76.39053752437904,54759.94035451114,89888.56450214186,51.58375412213945,37.211692329988985,1439.0937341979718,7.618576430010992,-3.8854075554226233,1170010.663459459,-4832752.105808626,4070131.8089538887,985.6940127313691,182.9472602239873,1055.3436934318443
56.25,1,39.303799233772935,-76.38765372035759,54937.228608923964,90248.16930911398,51.583754122139226,37.17682872590229,1437.7450494625643,7.480015749256787,-5.131137530203345,1170257.033467085,-4832706.136596648,4070395.4524031263,985.2660482758575,184.8064355948377,1053.8039004655177
56.5,1,39.30554303155813,-76.38476986922184,55113.91968613025,90607.43719096198,51.58375412213911,37.14193291457217,1436.3983337897964,10.867407191461787,-3.0489874398737005,1170503.296483597,-4832659.702590828,4070658.710904122,984.8380838203459,186.66561096568807,1052.2641074991911
56.75,1,39.30728670028612,-76.38188597015697,55290.01358585525,90966.36864038826,51.583754122139,37.10700487727181,1435.0535906693492,6.965146862386689,-4.930618864867221,1170749.4525089953,-4832612.803791164,4070921.584456876,984.4101193648344,188.52478633653845,1050.7243145328648
57.0,1,39.309030240451094,-76.37900202234815,55465.51030783262,91324.9641509673,51.58375412213911,37.072044595337296,1433.7108235949454,4.885097518287044,-3.9237598425336144,1170995.5015432795,-4832565.44019766,4071184.0730613885,983.9821549093228,190.38396170738872,1049.1845215665385
57.25,1,39.31077365254708,-76.37611802498051,55640.409851803444,91683.22421714764,51.583754122139396,37.03705205016386,1432.370036064359,6.456679196343828,-4.666929627381744,1171241.44358645,-4832517.611810312,4071446.176717659,983.5541904538113,192.2431370782391,1047.644728600212
57.5,1,39.31251693706798,-76.37323397723918,55814.71221751813,92041.14933425315,51.583754122139055,37.00202722321014,1431.03123157939,4.773981062375375,-4.686091788542447,1171487.2786385063,-4832469.3186291205,4071707.8954256885,983.1262259982997,194.10231244908948,1046.1049356338856
57.75,1,39.31426009450748,-76.37034987830927,55988.41740473732,92398.7399984831,51.58375412213917,36.96697009599715,1429.6944136458594,2.2273911690127157,-6.589567493308969,1171733.006699449,-4832420.560654087,4071969.229185476,982.6982615427881,195.96148781993986,1044.565142667559
58.0,1,39.31600312535913,-76.36746572737587,56161.52541323006,92755.99670691472,51.583754122139055,36.931880650107765,1428.3595857736034,5.388969570860004,-6.117384112989608,1171978.627769278,-4832371.33788521,4072230.1779970224,982.2702970872765,197.82066319079024,1043.0253497012327
58.25,1,39.31774603011631,-76.36458152362403,56334.03624277376,93112.91995750135,51.583754122139,36.896758867188865,1427.0267514764569,10.114064483264935,-5.293191586648762,1172224.1418479925,-4832321.650322491,4072490.741860327,981.842332631765,199.6798385616405,1041.4855567349061
58.5,1,39.31948880927222,-76.36169726623879,56505.949893155135,93469.51024907696,51.58375412213945,36.86160472894996,1425.6959142722521,4.249019082165379,-3.8940066300927016,1172469.5489355938,-4832271.49796593,4072750.9207753893,981.4143681762534,201.5390139324909,1039.9457637685798
58.75,1,39.321231463319926,-76.35881295440517,56677.26636416931,93825.76808135507,51.58375412213934,36.82641821716423,1424.3670776828035,5.292958393554531,-4.652291547549043,1172714.8490320807,-4832220.880815526,4073010.7147422107,980.9864037207418,203.39818930334127,1038.4059708022533
59.0,1,39.32297399275231,-76.35592858730816,56847.98565562256,94181.69395493023,51.58375412213957,36.79119931366947,1423.0402452338974,6.411991402380493,-5.284363838040095,1172960.0421374543,-4832169.798871279,4073270.1237607906,980.5584392652303,205.25736467419165,1036.866177835927
59.25,1,39.3247163980621,-76.35304416413273,57018.107767324895,94537.28837127812,51.58375412213911,36.75594800036676,1421.715420455288,5.297357384036397,-4.3808288830246065,1173205.1282517135,-4832118.252133188,4073529.147831129,980.1304748097187,207.11654004504203,1035.3263848696006
59.5,1,39.326458679741854,-76.35015968406383,57187.63269910123,94892.55183275827,51.583754122139055,36.72066425922437,1420.3926068806725,3.6268385173786584,-3.9361484672656415,1173450.1073748588,-4832066.240601256,4073787.7869532257,979.7025103542071,208.9757154158923,1033.786591903274
59.75,1,39.32820083828395,-76.34727514628638,57356.560450783,95247.48484261357,51.583754122139396,36.685348072273655,1419.071808047701,11.04120680197142,-4.993660937637731,1173694.9795068905,-4832013.764275481,4074046.0411270806,979.2745458986956,210.83489078674268,1032.2467989369475
60.0,1,39.32994287418067,-76.34439054998526,57524.89102220815,95602.08790497211,51.583754122139226,36.64999942161121,1417.753027497957,8.647733926475288,-4.776920257374725,1173939.7446478081,-4831960.823155862,4074303.910352694,978.846581443184,212.69406615759306,1030.7070059706211
